feature,shap_importance
amount,0.19848418651852584
km_from_last_txn,0.21242946549428526
minutes_from_last_txn,0.2595118474199318
impossible_speed,0.007448452015727381
hour,0.175814045331061
is_weekend,0.5028007168510827
is_night,0.4904962212521799
txn_count_1hr,0.0018394562620582522
txn_count_24hr,0.30480523816442806
amount_sum_1hr,0.005396449603121427
amount_sum_24hr,0.22615640558663183
amount_vs_user_avg,0.22603242833013582
is_new_device,0.08170835307237886
device_count_7d,0.22100548395195505
is_new_merchant_category,0.16102311835778277
